Workbook

Sheet EDA Summary
A1: DESCRIPTIVE STATISTICS
A3: METRIC | B3: TotalPrice | C3: UnitPrice | D3: Quantity | E3: ItemsInCart
A4: Mean | B4: =AVERAGE(Sheet1!N:N) -> 1053.9683 | C4: =AVERAGE(Sheet1!F:F) -> 356.41275 | D4: =AVERAGE(Sheet1!E:E) -> 2.9458333 | E4: =AVERAGE(Sheet1!K:K) -> 5.485
A5: Median | B5: =MEDIAN(Sheet1!N:N) -> 823.615 | C5: =MEDIAN(Sheet1!F:F) -> 364.21 | D5: =MEDIAN(Sheet1!E:E) -> 3 | E5: =MEDIAN(Sheet1!K:K) -> 5
A6: Mode | B6: =MODE(Sheet1!N:N) -> 635.9 | C6: =MODE(Sheet1!F:F) -> 127.18 | D6: =MODE(Sheet1!E:E) -> 1 | E6: =MODE(Sheet1!K:K) -> 5
A7: Min | B7: =MIN(Sheet1!N:N) -> 11.39 | C7: =MIN(Sheet1!F:F) -> 11.39 | D7: =MIN(Sheet1!E:E) -> 1 | E7: =MIN(Sheet1!K:K) -> 1
A8: Max | B8: =MAX(Sheet1!N:N) -> 3456.4 | C8: =MAX(Sheet1!F:F) -> 699.93 | D8: =MAX(Sheet1!E:E) -> 5 | E8: =MAX(Sheet1!K:K) -> 10
A9: StdDev | B9: =STDEV(Sheet1!N:N) -> 819.85656 | C9: =STDEV(Sheet1!F:F) -> 197.17715 | D9: =STDEV(Sheet1!E:E) -> 1.4075571 | E9: =STDEV(Sheet1!K:K) -> 2.2819833
A10: Count | B10: =COUNT(Sheet1!N:N) -> 1200 | C10: =COUNT(Sheet1!F:F) -> 1200 | D10: =COUNT(Sheet1!E:E) -> 1200 | E10: =COUNT(Sheet1!K:K) -> 1200
A12: BUSINESS METRICS
A13: METRIC | B13: VALUE
A14: Total Revenue | B14: =SUM(Sheet1!N:N) -> 1264762
A15: Total Orders | B15: =COUNTA(Sheet1!A2:A1201) -> 1200
A16: Avg Order Value | B16: =AVERAGE(Sheet1!N:N) -> 1053.9683
A17: Total Items Sold | B17: =SUM(Sheet1!E:E) -> 3535
A18: Highest Order Value | B18: =MAX(Sheet1!N:N) -> 3456.4
A19: Lowest Order Value | B19: =MIN(Sheet1!N:N) -> 11.39
A21: OUTLIER DETECTION (IQR Method)
A23: METRIC | B23: VALUE
A24: Q1 (25th Percentile) | B24: =QUARTILE(Sheet1!N:N,1) -> 410.52
A25: Q3 (75th Percentile) | B25: =QUARTILE(Sheet1!N:N,3) -> 1578.475
A26: IQR (Q3 minus Q1) | B26: =B25-B24 -> 1167.955
A27: Lower Bound | B27: =B24-(1.5*B26) -> -1341.4125
A28: Upper Bound | B28: =B25+(1.5*B26) -> 3330.4075
A29: Outlier Count | B29: =COUNTIF(Sheet1!N:N,">"&B28) -> 8

Sheet Revenue by Product
A3: Product | B3: Sum of TotalPrice | C3: Average of TotalPrice | D3: Count of OrderID
A4: Phone | B4: 151722.39 | C4: 972.57942 | D4: 156
A5: Desk | B5: 167459.93 | C5: 985.05841 | D5: 170
A6: Monitor | B6: 175651.41 | C6: 1077.616 | D6: 163
A7: Tablet | B7: 186568.95 | C7: 1042.2846 | D7: 179
A8: Laptop | B8: 192126.56 | C8: 1110.5582 | D8: 173
A9: Printer | B9: 195612.61 | C9: 1080.7327 | D9: 181
A10: Chair | B10: 195620.11 | C10: 1098.9894 | D10: 178
A11: Grand Total | B11: 1264762 | C11: 1053.9683 | D11: 1200

Sheet Monthly Trends
A3: Row Labels | B3: Sum of TotalPrice | C3: Count of OrderID
A4: Jan | B4: 124313.23 | C4: 106
A5: Feb | B5: 112344.78 | C5: 106
A6: Mar | B6: 123840.93 | C6: 128
A7: Apr | B7: 109186.05 | C7: 113
A8: May | B8: 135142.59 | C8: 120
A9: Jun | B9: 170616.13 | C9: 147
A10: Jul | B10: 85784.64 | C10: 87
A11: Aug | B11: 86343.21 | C11: 79
A12: Sept | B12: 69321.65 | C12: 73
A13: Oct | B13: 89834.82 | C13: 78
A14: Nov | B14: 75493.43 | C14: 76
A15: Dec | B15: 82540.5 | C15: 87
A16: Grand Total | B16: 1264762 | C16: 1200

Sheet Order Status
A1: ORDER STATUS DISTRIBUTION
A3: Status | B3: Count | C3: Percentage
A4: Delivered | B4: =COUNTIF(Sheet1!I:I,"Delivered") -> 231 | C4: =B4/1200 -> 0.1925
A5: Cancelled | B5: =COUNTIF(Sheet1!I:I,"Cancelled") -> 250 | C5: =B5/1200 -> 0.20833333
A6: Pending | B6: =COUNTIF(Sheet1!I:I,"Pending") -> 237 | C6: =B6/1200 -> 0.1975
A7: Returned | B7: =COUNTIF(Sheet1!I:I,"Returned") -> 247 | C7: =B7/1200 -> 0.20583333
A8: Shipped | B8: =COUNTIF(Sheet1!I:I,"Shipped") -> 235 | C8: =B8/1200 -> 0.19583333
A9: TOTAL | B9: =SUM(B4:B8) -> 1200 | C9: =SUM(C4:C8) -> 1

Sheet Referral Source
A1: REVENUE BY REFERRAL SOURCE
A3: Referral Source | B3: Total Revenue | C3: Order Count
A4: Instagram | B4: =SUMIF(Sheet1!M:M,"Instagram",Sheet1!N:N) -> 275285.45 | C4: =COUNTIF(Sheet1!M:M,"Instagram") -> 259
A5: Email | B5: =SUMIF(Sheet1!M:M,"Email",Sheet1!N:N) -> 261808.55 | C5: =COUNTIF(Sheet1!M:M,"Email") -> 250
A6: Google | B6: =SUMIF(Sheet1!M:M,"Google",Sheet1!N:N) -> 250441.48 | C6: =COUNTIF(Sheet1!M:M,"Google") -> 241
A7: Facebook | B7: =SUMIF(Sheet1!M:M,"Facebook",Sheet1!N:N) -> 250410.9 | C7: =COUNTIF(Sheet1!M:M,"Facebook") -> 228
A8: Referral | B8: =SUMIF(Sheet1!M:M,"Referral",Sheet1!N:N) -> 226815.58 | C8: =COUNTIF(Sheet1!M:M,"Referral") -> 222
A9: TOTAL | B9: =SUM(B4:B8) -> 1264762 | C9: =SUM(C4:C8) -> 1200

Sheet Sheet1
A1: OrderID | B1: Date | C1: CustomerID | D1: Product | E1: Quantity | F1: UnitPrice | G1: ShippingAddress | H1: PaymentMethod | I1: OrderStatus | J1: TrackingNumber | K1: ItemsInCart | L1: CouponCode | M1: ReferralSource | N1: TotalPrice
A2: ORD200000 | B2: 44930 | C2: C72649 | D2: Monitor | E2: 5 | F2: 570.62 | G2: 928 Main St | H2: Debit Card | I2: Shipped | J2: TRK37947903 | K2: 7 | L2: SAVE10 | M2: Instagram | N2: 2853.1
A3: ORD200001 | B3: 45527 | C3: C75739 | D3: Phone | E3: 2 | F3: 151.35 | G3: 823 Main St | H3: Online (Unspecified) | I3: Shipped | J3: TRK91186779 | K3: 3 | L3: SAVE10 | M3: Referral | N3: 302.7
A4: ORD200002 | B4: 45349 | C4: C81728 | D4: Tablet | E4: 5 | F4: 550.68 | G4: 512 Main St | H4: Credit Card | I4: Cancelled | J4: TRK42903982 | K4: 8 | L4: FREESHIP | M4: Email | N4: 2753.4
A5: ORD200003 | B5: 45214 | C5: C33540 | D5: Chair | E5: 1 | F5: 273.19 | G5: 275 Main St | H5: Debit Card | I5: Returned | J5: TRK62788070 | K5: 5 | L5: SAVE10 | M5: Facebook | N5: 273.19
A6: ORD200004 | B6: 45785 | C6: C81840 | D6: Printer | E6: 4 | F6: 626.01 | G6: 668 Main St | H6: Online (Unspecified) | I6: Delivered | J6: TRK29241424 | K6: 8 | L6: SAVE10 | M6: Email | N6: 2504.04
A7: ORD200005 | B7: 45222 | C7: C37249 | D7: Phone | E7: 2 | F7: 245.86 | G7: 934 Main St | H7: Credit Card | I7: Shipped | J7: TRK72976927 | K7: 4 | L7: SAVE10 | M7: Instagram | N7: 491.72
A8: ORD200006 | B8: 45825 | C8: C83492 | D8: Laptop | E8: 1 | F8: 664.42 | G8: 986 Main St | H8: Gift Card | I8: Returned | J8: TRK96417362 | K8: 6 | L8: SAVE10 | M8: Facebook | N8: 664.42
A9: ORD200007 | B9: 45058 | C9: C41460 | D9: Monitor | E9: 5 | F9: 149.55 | G9: 706 Main St | H9: Cash | I9: Shipped | J9: TRK78809193 | K9: 9 | L9: FREESHIP | M9: Facebook | N9: 747.75
A10: ORD200008 | B10: 45749 | C10: C26817 | D10: Phone | E10: 2 | F10: 134.28 | G10: 904 Main St | H10: Gift Card | I10: Cancelled | J10: TRK61042692 | K10: 2 | L10: No Coupon | M10: Email | N10: 268.56
A11: ORD200009 | B11: 45251 | C11: C31946 | D11: Desk | E11: 4 | F11: 509.38 | G11: 102 Main St | H11: Credit Card | I11: Shipped | J11: TRK33478363 | K11: 6 | L11: SAVE10 | M11: Google | N11: 2037.52
A12: ORD200010 | B12: 45289 | C12: C43443 | D12: Tablet | E12: 5 | F12: 625.97 | G12: 333 Main St | H12: Credit Card | I12: Returned | J12: TRK98859248 | K12: 9 | L12: WINTER15 | M12: Instagram | N12: 3129.85
A13: ORD200011 | B13: 45339 | C13: C93861 | D13: Monitor | E13: 3 | F13: 49.14 | G13: 831 Main St | H13: Online (Unspecified) | I13: Returned | J13: TRK48234646 | K13: 7 | L13: SAVE10 | M13: Email | N13: 147.42
... A1201: ORD201199 | B1201: 45088 | C1201: C57502 | D1201: Tablet | E1201: 4 | F1201: 560.58 | G1201: 201 Main St | H1201: Gift Card | I1201: Returned | J1201: TRK51116746 | K1201: 6 | L1201: SAVE10 | M1201: Referral | N1201: 2242.32
